Model,Accuracy,Precision,Recall,F1 Score,ROC AUC
Random Forest,0.46153846153846156,0.4339622641509434,0.8214285714285714,0.5679012345679012,0.5781853281853281
