Model,Accuracy,Precision,Recall,F1 Score,ROC AUC
Random Forest,0.6615384615384615,0.7288135593220338,0.8775510204081632,0.7962962962962963,0.49567743764172334
